id,name,model_id:id,group_id:id,perm_read,perm_write,perm_create,perm_unlink
access_biblioteca_comic_user,biblioteca.comic user,model_biblioteca_comic,base.group_user,1,1,1,1
access_biblioteca_categoria_user,biblioteca.comic.categoria user,model_biblioteca_comic_categoria,base.group_user,1,1,1,1
access_biblioteca_socio_user,biblioteca.socio user,model_biblioteca_socio,base.group_user,1,1,1,1
access_biblioteca_prestamo_user,biblioteca.prestamo user,model_biblioteca_prestamo,base.group_user,1,1,1,1
